metric	median	p025	p975
cor_true_weight_B_score	0.9669403656296965	0.9568301104945426	0.9721000446180466
cor_group_B_score	0.5977858448545373	0.4873491434208737	0.7031212167529214
adjusted_model_condition_number	5.833242441338719	5.529011376996273	6.531028809442739
cor_true_weight_T_score	-0.9312761912379349	-0.9491173121966539	-0.9067884783237021
DE_FDR05_unadjusted	3036.5	1932.85	4112.649999999999
DE_FDR05_B_score_adjusted	0.0	0.0	2.0
DE_FDR05_donor_stratified_null_labels	0.0	0.0	1.0
top200_median_attenuation	1.006912786640147	0.9876482508177596	1.0270643733750267
top200_partial_r2	0.8905920897704132	0.870553747317029	0.9081412459833261
